IP, TTL, OS
10.200.150.201, 128, Windows
10.200.150.203, 128, Windows
10.200.150.206, 128, Windows
10.200.150.207, 128, Windows
10.200.150.208, 128, Windows
10.200.150.209, 128, Windows
10.200.150.2, 128, Windows
10.200.150.6, 128, Windows
172.20.1.5, 128, Windows
192.168.1.10, 128, Windows
192.168.1.11, 64, Linux
192.168.1.1, 255, Network Device
192.168.1.12, 64, Linux
192.168.1.13, 128, Windows
192.168.1.14, 128, Windows
192.168.1.2, 128, Windows
192.168.1.4, 128, Windows
192.168.1.5, 128, Windows
192.168.1.6, 128, Windows
192.168.1.8, 64, Linux
192.168.1.9, 64, Linux
192.168.2.100, 128, Windows
192.168.2.100, 32, Unknown
192.168.2.101, 128, Windows
192.168.2.101, 32, Unknown
192.168.2.102, 128, Windows
192.168.2.102, 32, Unknown
192.168.2.103, 128, Windows
192.168.2.104, 128, Windows
192.168.2.105, 128, Windows
192.168.2.106, 128, Windows
192.168.2.107, 128, Windows
192.168.2.108, 128, Windows
192.168.2.109, 128, Windows
192.168.2.110, 128, Windows
192.168.2.111, 128, Windows
192.168.2.11, 128, Windows
192.168.2.112, 128, Windows
192.168.2.113, 128, Windows
192.168.2.11, 32, Unknown
192.168.2.114, 128, Windows
192.168.2.115, 128, Windows
192.168.2.116, 128, Windows
192.168.2.117, 128, Windows
192.168.2.118, 128, Windows
192.168.2.118, 32, Unknown
192.168.2.119, 128, Windows
192.168.2.119, 32, Unknown
192.168.2.120, 128, Windows
192.168.2.120, 32, Unknown
192.168.2.121, 128, Windows
192.168.2.12, 128, Windows
192.168.2.121, 32, Unknown
192.168.2.122, 128, Windows
192.168.2.123, 128, Windows
192.168.2.124, 128, Windows
192.168.2.125, 128, Windows
192.168.2.126, 128, Windows
192.168.2.127, 128, Windows
192.168.2.128, 128, Windows
192.168.2.130, 128, Windows
192.168.2.131, 128, Windows
192.168.2.13, 128, Windows
192.168.2.132, 128, Windows
192.168.2.133, 128, Windows
192.168.2.133, 32, Unknown
192.168.2.134, 128, Windows
192.168.2.134, 32, Unknown
192.168.2.137, 128, Windows
192.168.2.138, 128, Windows
192.168.2.139, 128, Windows
192.168.2.140, 128, Windows
192.168.2.141, 128, Windows
192.168.2.14, 128, Windows
192.168.2.145, 128, Windows
192.168.2.145, 32, Unknown
192.168.2.146, 128, Windows
192.168.2.147, 128, Windows
192.168.2.148, 128, Windows
192.168.2.150, 128, Windows
192.168.2.15, 128, Windows
192.168.2.153, 128, Windows
192.168.2.153, 32, Unknown
192.168.2.154, 128, Windows
192.168.2.154, 32, Unknown
192.168.2.155, 128, Windows
192.168.2.156, 128, Windows
192.168.2.158, 128, Windows
192.168.2.159, 128, Windows
192.168.2.16, 128, Windows
192.168.2.16, 32, Unknown
192.168.2.171, 128, Windows
192.168.2.17, 128, Windows
192.168.2.171, 37, Unknown
192.168.2.171, 38, Unknown
192.168.2.171, 39, Unknown
192.168.2.171, 40, Unknown
192.168.2.171, 41, Unknown
192.168.2.171, 42, Unknown
192.168.2.171, 43, Unknown
192.168.2.171, 44, Unknown
192.168.2.171, 45, Unknown
192.168.2.171, 46, Unknown
192.168.2.171, 47, Unknown
192.168.2.171, 48, Unknown
192.168.2.171, 49, Unknown
192.168.2.171, 50, Unknown
192.168.2.171, 51, Unknown
192.168.2.171, 52, Unknown
192.168.2.171, 53, Unknown
192.168.2.171, 54, Unknown
192.168.2.171, 55, Unknown
192.168.2.171, 56, Unknown
192.168.2.171, 57, Unknown
192.168.2.171, 58, Unknown
192.168.2.171, 59, Unknown
192.168.2.171, 62, Unknown
192.168.2.171, 64, Linux
192.168.2.172, 128, Windows
192.168.2.172, 37, Unknown
192.168.2.172, 38, Unknown
192.168.2.172, 39, Unknown
192.168.2.172, 40, Unknown
192.168.2.172, 41, Unknown
192.168.2.172, 42, Unknown
192.168.2.172, 43, Unknown
192.168.2.172, 44, Unknown
192.168.2.172, 45, Unknown
192.168.2.172, 46, Unknown
192.168.2.172, 47, Unknown
192.168.2.172, 48, Unknown
192.168.2.172, 49, Unknown
192.168.2.172, 50, Unknown
192.168.2.172, 51, Unknown
192.168.2.172, 52, Unknown
192.168.2.172, 53, Unknown
192.168.2.172, 54, Unknown
192.168.2.172, 55, Unknown
192.168.2.172, 56, Unknown
192.168.2.172, 57, Unknown
192.168.2.172, 58, Unknown
192.168.2.172, 59, Unknown
192.168.2.173, 128, Windows
192.168.2.173, 37, Unknown
192.168.2.173, 38, Unknown
192.168.2.173, 39, Unknown
192.168.2.173, 40, Unknown
192.168.2.173, 41, Unknown
192.168.2.173, 42, Unknown
192.168.2.173, 43, Unknown
192.168.2.173, 44, Unknown
192.168.2.173, 45, Unknown
192.168.2.173, 46, Unknown
192.168.2.173, 47, Unknown
192.168.2.173, 48, Unknown
192.168.2.173, 49, Unknown
192.168.2.173, 50, Unknown
192.168.2.173, 51, Unknown
192.168.2.173, 52, Unknown
192.168.2.173, 53, Unknown
192.168.2.173, 54, Unknown
192.168.2.173, 55, Unknown
192.168.2.173, 56, Unknown
192.168.2.173, 57, Unknown
192.168.2.173, 58, Unknown
192.168.2.173, 59, Unknown
192.168.2.18, 128, Windows
192.168.2.19, 128, Windows
192.168.2.20, 128, Windows
192.168.2.21, 128, Windows
192.168.2.22, 128, Windows
192.168.2.23, 128, Windows
192.168.2.25, 128, Windows
192.168.2.26, 128, Windows
192.168.2.27, 128, Windows
192.168.2.28, 128, Windows
192.168.2.29, 128, Windows
192.168.2.30, 128, Windows
192.168.2.31, 128, Windows
192.168.2.33, 128, Windows
192.168.2.33, 32, Unknown
192.168.2.34, 128, Windows
192.168.2.35, 128, Windows
192.168.2.36, 128, Windows
192.168.2.36, 32, Unknown
192.168.2.37, 128, Windows
192.168.2.38, 128, Windows
192.168.2.39, 128, Windows
192.168.2.40, 128, Windows
192.168.2.41, 128, Windows
192.168.2.42, 128, Windows
192.168.2.43, 128, Windows
192.168.2.44, 128, Windows
192.168.2.44, 32, Unknown
192.168.2.45, 128, Windows
192.168.2.45, 32, Unknown
192.168.2.46, 128, Windows
192.168.2.47, 128, Windows
192.168.2.47, 32, Unknown
192.168.2.48, 128, Windows
192.168.2.49, 128, Windows
192.168.2.50, 128, Windows
192.168.2.51, 128, Windows
192.168.2.52, 128, Windows
192.168.2.54, 128, Windows
192.168.2.54, 32, Unknown
192.168.2.55, 128, Windows
192.168.2.55, 32, Unknown
192.168.2.56, 128, Windows
192.168.2.57, 128, Windows
192.168.2.59, 128, Windows
192.168.2.60, 128, Windows
192.168.2.61, 128, Windows
192.168.2.62, 128, Windows
192.168.2.62, 32, Unknown
192.168.2.63, 128, Windows
192.168.2.63, 32, Unknown
192.168.2.64, 128, Windows
192.168.2.64, 32, Unknown
192.168.2.65, 128, Windows
192.168.2.67, 128, Windows
192.168.2.68, 128, Windows
192.168.2.69, 128, Windows
192.168.2.70, 128, Windows
192.168.2.71, 128, Windows
192.168.2.72, 128, Windows
192.168.2.73, 128, Windows
192.168.2.74, 128, Windows
192.168.2.75, 128, Windows
192.168.2.75, 32, Unknown
192.168.2.76, 128, Windows
192.168.2.77, 128, Windows
192.168.2.78, 128, Windows
192.168.2.79, 128, Windows
192.168.2.80, 128, Windows
192.168.2.81, 128, Windows
192.168.2.82, 128, Windows
192.168.2.82, 32, Unknown
192.168.2.83, 128, Windows
192.168.2.83, 32, Unknown
192.168.2.84, 128, Windows
192.168.2.84, 32, Unknown
192.168.2.85, 128, Windows
192.168.2.86, 128, Windows
192.168.2.87, 128, Windows
192.168.2.88, 128, Windows
192.168.2.89, 128, Windows
192.168.2.90, 128, Windows
192.168.2.91, 128, Windows
192.168.2.92, 128, Windows
192.168.2.93, 128, Windows
192.168.2.94, 128, Windows
192.168.2.95, 128, Windows
192.168.2.95, 32, Unknown
192.168.2.96, 128, Windows
192.168.2.97, 128, Windows
192.168.2.98, 128, Windows
192.168.2.99, 128, Windows
192.168.2.99, 32, Unknown
